-- phpMyAdmin SQL Dump
-- version 4.7.4
-- https://www.phpmyadmin.net/
--
-- Host: 127.0.0.1
-- Generation Time: Apr 15, 2018 at 08:54 PM
-- Server version: 10.1.30-MariaDB
-- PHP Version: 7.0.27

SET SQL_MODE = "NO_AUTO_VALUE_ON_ZERO";
SET AUTOCOMMIT = 0;
START TRANSACTION;
SET time_zone = "+00:00";


/*!40101 SET @OLD_CHARACTER_SET_CLIENT=@@CHARACTER_SET_CLIENT */;
/*!40101 SET @OLD_CHARACTER_SET_RESULTS=@@CHARACTER_SET_RESULTS */;
/*!40101 SET @OLD_COLLATION_CONNECTION=@@COLLATION_CONNECTION */;
/*!40101 SET NAMES utf8mb4 */;

--
-- Database: `movie`
--

-- --------------------------------------------------------

--
-- Table structure for table `admin`
--

CREATE TABLE `admin` (
  `admin_id` int(11) NOT NULL,
  `password` varchar(40) DEFAULT NULL,
  `admin_username` varchar(20) DEFAULT NULL
) ENGINE=InnoDB DEFAULT CHARSET=latin1;

--
-- Dumping data for table `admin`
--

INSERT INTO `admin` (`admin_id`, `password`, `admin_username`) VALUES
(1, '827ccb0eea8a706c4c34a16891f84e7b', 'admin@123');

-- --------------------------------------------------------

--
-- Table structure for table `cancellation`
--

CREATE TABLE `cancellation` (
  `cancel_id` int(11) NOT NULL,
  `cancellation_charge` int(11) DEFAULT NULL,
  `movie_name` varchar(20) DEFAULT NULL,
  `dates` varchar(10) DEFAULT NULL,
  `booking_showdate` varchar(10) DEFAULT NULL,
  `ticket_no` int(11) DEFAULT NULL,
  `booking_id` int(10) DEFAULT NULL,
  `seat_id` int(10) DEFAULT NULL
) ENGINE=InnoDB DEFAULT CHARSET=latin1;

-- --------------------------------------------------------

--
-- Table structure for table `customer`
--

CREATE TABLE `customer` (
  `user_id` varchar(40) NOT NULL,
  `first_name` varchar(20) DEFAULT NULL,
  `last_name` varchar(20) DEFAULT NULL,
  `email_id` varchar(20) DEFAULT NULL,
  `password` varchar(40) DEFAULT NULL,
  `phone_no` varchar(20) DEFAULT NULL
) ENGINE=InnoDB DEFAULT CHARSET=latin1;

--
-- Dumping data for table `customer`
--

INSERT INTO `customer` (`user_id`, `first_name`, `last_name`, `email_id`, `password`, `phone_no`) VALUES
('a', 'a', 'a', 'a@gmail.com', 'a', NULL),
('g', 'g', 'g', 'g@gmail.coom', 'b2f5ff47436671b6e533d8dc3614845d', NULL),
('jay123', 'jay', 'kulkarni', 'jay@gmail.com', 'jay123', '99999');

-- --------------------------------------------------------

--
-- Table structure for table `discount`
--

CREATE TABLE `discount` (
  `offer_id` int(11) NOT NULL,
  `movie_name` varchar(20) DEFAULT NULL,
  `price` int(11) DEFAULT NULL
) ENGINE=InnoDB DEFAULT CHARSET=latin1;

--
-- Dumping data for table `discount`
--

INSERT INTO `discount` (`offer_id`, `movie_name`, `price`) VALUES
(1, 'Harry Potter', 15);

-- --------------------------------------------------------

--
-- Table structure for table `movie`
--

CREATE TABLE `movie` (
  `movie_id` int(11) NOT NULL,
  `movie_name` varchar(20) DEFAULT NULL,
  `release_date` varchar(20) DEFAULT NULL,
  `director` varchar(20) DEFAULT NULL,
  `actors` varchar(20) DEFAULT NULL,
  `genre` varchar(20) DEFAULT NULL,
  `certification` varchar(20) DEFAULT NULL,
  `description` varchar(20) DEFAULT NULL,
  `cover` varchar(20) DEFAULT NULL
) ENGINE=InnoDB DEFAULT CHARSET=latin1;

--
-- Dumping data for table `movie`
--

INSERT INTO `movie` (`movie_id`, `movie_name`, `release_date`, `director`, `actors`, `genre`, `certification`, `description`, `cover`) VALUES
(4, 'spiderman', '25/3/17', 'me', 'shakti', 'Fiction', 'U/A', 'A movie about spider', 'uploads/banner.jpg'),
(8, 'Shaktimaan', '2018-04-26', 'bay', 'shakti', 'Comedy', 'U/A', 'a movie about shakti', 'uploads/index.jpg'),
(11, 'Thor', '2018-04-17', 'Micheal one', 'Thor', 'Fiction', 'A', 'A movie about Thor t', 'uploads/Thor.jpg');

-- --------------------------------------------------------

--
-- Table structure for table `screen`
--

CREATE TABLE `screen` (
  `screen_id` int(11) NOT NULL,
  `screen_name` varchar(20) DEFAULT NULL
) ENGINE=InnoDB DEFAULT CHARSET=latin1;

--
-- Dumping data for table `screen`
--

INSERT INTO `screen` (`screen_id`, `screen_name`) VALUES
(1, 'screen-1'),
(2, 'screen-2'),
(3, 'screen-3'),
(4, 'screen-4');

-- --------------------------------------------------------

--
-- Table structure for table `seats`
--

CREATE TABLE `seats` (
  `seat_id` int(11) NOT NULL,
  `booked` tinyint(1) NOT NULL DEFAULT '0',
  `price` int(11) DEFAULT NULL,
  `screen_id` int(11) DEFAULT NULL,
  `show_id` int(11) NOT NULL,
  `tid` int(11) NOT NULL,
  `movie_id` int(11) NOT NULL
) ENGINE=InnoDB DEFAULT CHARSET=latin1;

--
-- Dumping data for table `seats`
--

INSERT INTO `seats` (`seat_id`, `booked`, `price`, `screen_id`, `show_id`, `tid`, `movie_id`) VALUES
(1, 0, 100, 1, 1, 2, 4),
(2, 0, 100, 1, 1, 2, 4),
(3, 0, 100, 1, 1, 2, 4),
(4, 0, 100, 1, 1, 2, 4),
(5, 0, 100, 1, 1, 2, 4),
(6, 0, 100, 1, 1, 2, 4),
(7, 0, 100, 1, 1, 2, 4),
(8, 0, 100, 1, 1, 2, 4),
(9, 0, 100, 1, 1, 2, 4),
(10, 0, 100, 1, 1, 2, 4),
(11, 0, 100, 1, 1, 2, 4),
(12, 0, 100, 1, 1, 2, 4),
(13, 0, 100, 1, 1, 2, 4),
(14, 0, 100, 1, 1, 2, 4),
(15, 0, 100, 1, 1, 2, 4),
(16, 0, 100, 1, 1, 2, 4),
(17, 0, 100, 1, 1, 2, 4),
(18, 0, 100, 1, 1, 2, 4),
(19, 0, 100, 1, 1, 2, 4),
(20, 0, 100, 1, 1, 2, 4),
(21, 0, 100, 1, 1, 2, 4),
(22, 0, 100, 1, 1, 2, 4),
(23, 0, 100, 1, 1, 2, 4),
(24, 0, 100, 1, 1, 2, 4),
(25, 0, 100, 1, 1, 2, 4),
(26, 0, 100, 1, 1, 2, 4),
(27, 0, 100, 1, 1, 2, 4),
(28, 0, 100, 1, 1, 2, 4),
(29, 0, 100, 1, 1, 2, 4),
(30, 0, 100, 1, 1, 2, 4),
(31, 0, 100, 1, 1, 2, 4),
(32, 0, 100, 1, 1, 2, 4),
(33, 0, 100, 1, 1, 2, 4),
(34, 0, 100, 1, 1, 2, 4),
(35, 0, 100, 1, 1, 2, 4),
(36, 0, 100, 1, 1, 2, 4),
(37, 0, 100, 1, 1, 2, 4),
(38, 0, 100, 1, 1, 2, 4),
(39, 0, 100, 1, 1, 2, 4),
(40, 0, 100, 1, 1, 2, 4),
(41, 0, 100, 1, 1, 2, 4),
(42, 0, 100, 1, 1, 2, 4),
(43, 0, 100, 1, 1, 2, 4),
(44, 1, 100, 1, 1, 2, 4),
(45, 1, 100, 1, 1, 2, 4),
(46, 1, 100, 1, 1, 2, 4),
(47, 0, 100, 1, 1, 2, 4),
(48, 1, 100, 1, 1, 2, 4),
(49, 1, 100, 1, 1, 2, 4),
(50, 0, 100, 1, 1, 2, 4),
(51, 0, 100, 1, 1, 2, 4),
(52, 0, 100, 1, 1, 2, 4),
(53, 0, 100, 1, 1, 2, 4),
(54, 0, 100, 1, 1, 2, 4),
(55, 0, 100, 1, 1, 2, 4),
(56, 0, 100, 1, 1, 2, 4),
(57, 0, 100, 1, 1, 2, 4),
(58, 0, 100, 1, 1, 2, 4),
(59, 0, 100, 1, 1, 2, 4),
(60, 0, 100, 1, 1, 2, 4),
(61, 0, 100, 1, 1, 2, 4),
(62, 0, 100, 1, 1, 2, 4),
(63, 0, 100, 1, 1, 2, 4),
(64, 0, 100, 1, 1, 2, 4),
(65, 0, 100, 1, 1, 2, 4),
(66, 0, 100, 1, 1, 2, 4),
(67, 0, 100, 1, 1, 2, 4),
(68, 1, 100, 1, 1, 2, 4),
(69, 1, 100, 1, 1, 2, 4),
(70, 1, 100, 1, 1, 2, 4),
(71, 0, 100, 1, 1, 2, 4),
(72, 0, 100, 1, 1, 2, 4),
(73, 0, 100, 1, 1, 2, 4),
(74, 0, 100, 1, 1, 2, 4),
(75, 0, 100, 1, 1, 2, 4),
(76, 0, 100, 1, 1, 2, 4),
(77, 1, 100, 1, 1, 2, 4),
(78, 1, 100, 1, 1, 2, 4),
(79, 1, 100, 1, 1, 2, 4),
(80, 0, 100, 1, 1, 2, 4),
(81, 0, 100, 1, 1, 2, 4),
(82, 0, 100, 1, 1, 2, 4),
(83, 0, 100, 1, 1, 2, 4),
(84, 0, 100, 1, 1, 2, 4),
(85, 0, 100, 1, 1, 2, 4),
(86, 0, 100, 1, 1, 2, 4),
(87, 0, 100, 1, 1, 2, 4),
(88, 0, 100, 1, 1, 2, 4),
(89, 0, 100, 1, 1, 2, 4),
(90, 0, 100, 1, 1, 2, 4),
(91, 0, 100, 1, 1, 2, 4),
(92, 0, 100, 1, 1, 2, 4),
(93, 0, 100, 1, 1, 2, 4),
(94, 0, 100, 1, 1, 2, 4),
(95, 0, 100, 1, 1, 2, 4),
(96, 0, 100, 1, 1, 2, 4),
(97, 0, 100, 1, 1, 2, 4),
(98, 0, 100, 1, 1, 2, 4),
(99, 0, 100, 1, 1, 2, 4),
(100, 0, 100, 1, 1, 2, 4),
(1, 0, 100, 1, 2, 2, 4),
(2, 0, 100, 1, 2, 2, 4),
(3, 0, 100, 1, 2, 2, 4),
(4, 0, 100, 1, 2, 2, 4),
(5, 0, 100, 1, 2, 2, 4),
(6, 0, 100, 1, 2, 2, 4),
(7, 0, 100, 1, 2, 2, 4),
(8, 0, 100, 1, 2, 2, 4),
(9, 0, 100, 1, 2, 2, 4),
(10, 0, 100, 1, 2, 2, 4),
(11, 0, 100, 1, 2, 2, 4),
(12, 0, 100, 1, 2, 2, 4),
(13, 0, 100, 1, 2, 2, 4),
(14, 0, 100, 1, 2, 2, 4),
(15, 0, 100, 1, 2, 2, 4),
(16, 0, 100, 1, 2, 2, 4),
(17, 0, 100, 1, 2, 2, 4),
(18, 0, 100, 1, 2, 2, 4),
(19, 0, 100, 1, 2, 2, 4),
(20, 0, 100, 1, 2, 2, 4),
(21, 0, 100, 1, 2, 2, 4),
(22, 0, 100, 1, 2, 2, 4),
(23, 0, 100, 1, 2, 2, 4),
(24, 0, 100, 1, 2, 2, 4),
(25, 0, 100, 1, 2, 2, 4),
(26, 0, 100, 1, 2, 2, 4),
(27, 0, 100, 1, 2, 2, 4),
(28, 0, 100, 1, 2, 2, 4),
(29, 0, 100, 1, 2, 2, 4),
(30, 0, 100, 1, 2, 2, 4),
(31, 0, 100, 1, 2, 2, 4),
(32, 0, 100, 1, 2, 2, 4),
(33, 0, 100, 1, 2, 2, 4),
(34, 0, 100, 1, 2, 2, 4),
(35, 0, 100, 1, 2, 2, 4),
(36, 0, 100, 1, 2, 2, 4),
(37, 0, 100, 1, 2, 2, 4),
(38, 0, 100, 1, 2, 2, 4),
(39, 0, 100, 1, 2, 2, 4),
(40, 0, 100, 1, 2, 2, 4),
(41, 0, 100, 1, 2, 2, 4),
(42, 0, 100, 1, 2, 2, 4),
(43, 0, 100, 1, 2, 2, 4),
(44, 0, 100, 1, 2, 2, 4),
(45, 0, 100, 1, 2, 2, 4),
(46, 0, 100, 1, 2, 2, 4),
(47, 0, 100, 1, 2, 2, 4),
(48, 0, 100, 1, 2, 2, 4),
(49, 0, 100, 1, 2, 2, 4),
(50, 0, 100, 1, 2, 2, 4),
(51, 0, 100, 1, 2, 2, 4),
(52, 0, 100, 1, 2, 2, 4),
(53, 0, 100, 1, 2, 2, 4),
(54, 0, 100, 1, 2, 2, 4),
(55, 0, 100, 1, 2, 2, 4),
(56, 0, 100, 1, 2, 2, 4),
(57, 0, 100, 1, 2, 2, 4),
(58, 0, 100, 1, 2, 2, 4),
(59, 0, 100, 1, 2, 2, 4),
(60, 0, 100, 1, 2, 2, 4),
(61, 0, 100, 1, 2, 2, 4),
(62, 0, 100, 1, 2, 2, 4),
(63, 0, 100, 1, 2, 2, 4),
(64, 0, 100, 1, 2, 2, 4),
(65, 0, 100, 1, 2, 2, 4),
(66, 0, 100, 1, 2, 2, 4),
(67, 0, 100, 1, 2, 2, 4),
(68, 0, 100, 1, 2, 2, 4),
(69, 0, 100, 1, 2, 2, 4),
(70, 0, 100, 1, 2, 2, 4),
(71, 0, 100, 1, 2, 2, 4),
(72, 0, 100, 1, 2, 2, 4),
(73, 0, 100, 1, 2, 2, 4),
(74, 0, 100, 1, 2, 2, 4),
(75, 0, 100, 1, 2, 2, 4),
(76, 0, 100, 1, 2, 2, 4),
(77, 0, 100, 1, 2, 2, 4),
(78, 0, 100, 1, 2, 2, 4),
(79, 0, 100, 1, 2, 2, 4),
(80, 0, 100, 1, 2, 2, 4),
(81, 0, 100, 1, 2, 2, 4),
(82, 0, 100, 1, 2, 2, 4),
(83, 0, 100, 1, 2, 2, 4),
(84, 0, 100, 1, 2, 2, 4),
(85, 0, 100, 1, 2, 2, 4),
(86, 0, 100, 1, 2, 2, 4),
(87, 0, 100, 1, 2, 2, 4),
(88, 0, 100, 1, 2, 2, 4),
(89, 0, 100, 1, 2, 2, 4),
(90, 0, 100, 1, 2, 2, 4),
(91, 0, 100, 1, 2, 2, 4),
(92, 0, 100, 1, 2, 2, 4),
(93, 0, 100, 1, 2, 2, 4),
(94, 0, 100, 1, 2, 2, 4),
(95, 0, 100, 1, 2, 2, 4),
(96, 0, 100, 1, 2, 2, 4),
(97, 0, 100, 1, 2, 2, 4),
(98, 0, 100, 1, 2, 2, 4),
(99, 0, 100, 1, 2, 2, 4),
(100, 0, 100, 1, 2, 2, 4),
(1, 0, 100, 1, 3, 2, 4),
(2, 0, 100, 1, 3, 2, 4),
(3, 0, 100, 1, 3, 2, 4),
(4, 0, 100, 1, 3, 2, 4),
(5, 0, 100, 1, 3, 2, 4),
(6, 0, 100, 1, 3, 2, 4),
(7, 0, 100, 1, 3, 2, 4),
(8, 0, 100, 1, 3, 2, 4),
(9, 0, 100, 1, 3, 2, 4),
(10, 0, 100, 1, 3, 2, 4),
(11, 0, 100, 1, 3, 2, 4),
(12, 0, 100, 1, 3, 2, 4),
(13, 0, 100, 1, 3, 2, 4),
(14, 0, 100, 1, 3, 2, 4),
(15, 0, 100, 1, 3, 2, 4),
(16, 0, 100, 1, 3, 2, 4),
(17, 0, 100, 1, 3, 2, 4),
(18, 0, 100, 1, 3, 2, 4),
(19, 0, 100, 1, 3, 2, 4),
(20, 0, 100, 1, 3, 2, 4),
(21, 0, 100, 1, 3, 2, 4),
(22, 0, 100, 1, 3, 2, 4),
(23, 0, 100, 1, 3, 2, 4),
(24, 0, 100, 1, 3, 2, 4),
(25, 0, 100, 1, 3, 2, 4),
(26, 0, 100, 1, 3, 2, 4),
(27, 0, 100, 1, 3, 2, 4),
(28, 0, 100, 1, 3, 2, 4),
(29, 0, 100, 1, 3, 2, 4),
(30, 0, 100, 1, 3, 2, 4),
(31, 0, 100, 1, 3, 2, 4),
(32, 0, 100, 1, 3, 2, 4),
(33, 0, 100, 1, 3, 2, 4),
(34, 0, 100, 1, 3, 2, 4),
(35, 0, 100, 1, 3, 2, 4),
(36, 0, 100, 1, 3, 2, 4),
(37, 0, 100, 1, 3, 2, 4),
(38, 0, 100, 1, 3, 2, 4),
(39, 0, 100, 1, 3, 2, 4),
(40, 0, 100, 1, 3, 2, 4),
(41, 0, 100, 1, 3, 2, 4),
(42, 0, 100, 1, 3, 2, 4),
(43, 0, 100, 1, 3, 2, 4),
(44, 0, 100, 1, 3, 2, 4),
(45, 0, 100, 1, 3, 2, 4),
(46, 0, 100, 1, 3, 2, 4),
(47, 0, 100, 1, 3, 2, 4),
(48, 0, 100, 1, 3, 2, 4),
(49, 0, 100, 1, 3, 2, 4),
(50, 0, 100, 1, 3, 2, 4),
(51, 0, 100, 1, 3, 2, 4),
(52, 0, 100, 1, 3, 2, 4),
(53, 0, 100, 1, 3, 2, 4),
(54, 0, 100, 1, 3, 2, 4),
(55, 0, 100, 1, 3, 2, 4),
(56, 0, 100, 1, 3, 2, 4),
(57, 0, 100, 1, 3, 2, 4),
(58, 0, 100, 1, 3, 2, 4),
(59, 0, 100, 1, 3, 2, 4),
(60, 0, 100, 1, 3, 2, 4),
(61, 0, 100, 1, 3, 2, 4),
(62, 0, 100, 1, 3, 2, 4),
(63, 0, 100, 1, 3, 2, 4),
(64, 0, 100, 1, 3, 2, 4),
(65, 0, 100, 1, 3, 2, 4),
(66, 0, 100, 1, 3, 2, 4),
(67, 0, 100, 1, 3, 2, 4),
(68, 0, 100, 1, 3, 2, 4),
(69, 0, 100, 1, 3, 2, 4),
(70, 0, 100, 1, 3, 2, 4),
(71, 0, 100, 1, 3, 2, 4),
(72, 0, 100, 1, 3, 2, 4),
(73, 0, 100, 1, 3, 2, 4),
(74, 0, 100, 1, 3, 2, 4),
(75, 0, 100, 1, 3, 2, 4),
(76, 0, 100, 1, 3, 2, 4),
(77, 0, 100, 1, 3, 2, 4),
(78, 0, 100, 1, 3, 2, 4),
(79, 0, 100, 1, 3, 2, 4),
(80, 0, 100, 1, 3, 2, 4),
(81, 0, 100, 1, 3, 2, 4),
(82, 0, 100, 1, 3, 2, 4),
(83, 0, 100, 1, 3, 2, 4),
(84, 0, 100, 1, 3, 2, 4),
(85, 0, 100, 1, 3, 2, 4),
(86, 0, 100, 1, 3, 2, 4),
(87, 0, 100, 1, 3, 2, 4),
(88, 0, 100, 1, 3, 2, 4),
(89, 0, 100, 1, 3, 2, 4),
(90, 0, 100, 1, 3, 2, 4),
(91, 0, 100, 1, 3, 2, 4),
(92, 0, 100, 1, 3, 2, 4),
(93, 0, 100, 1, 3, 2, 4),
(94, 0, 100, 1, 3, 2, 4),
(95, 0, 100, 1, 3, 2, 4),
(96, 0, 100, 1, 3, 2, 4),
(97, 0, 100, 1, 3, 2, 4),
(98, 0, 100, 1, 3, 2, 4),
(99, 0, 100, 1, 3, 2, 4),
(100, 0, 100, 1, 3, 2, 4),
(1, 0, 100, 1, 4, 2, 4),
(2, 0, 100, 1, 4, 2, 4),
(3, 0, 100, 1, 4, 2, 4),
(4, 0, 100, 1, 4, 2, 4),
(5, 0, 100, 1, 4, 2, 4),
(6, 0, 100, 1, 4, 2, 4),
(7, 0, 100, 1, 4, 2, 4),
(8, 0, 100, 1, 4, 2, 4),
(9, 0, 100, 1, 4, 2, 4),
(10, 0, 100, 1, 4, 2, 4),
(11, 0, 100, 1, 4, 2, 4),
(12, 0, 100, 1, 4, 2, 4),
(13, 0, 100, 1, 4, 2, 4),
(14, 0, 100, 1, 4, 2, 4),
(15, 0, 100, 1, 4, 2, 4),
(16, 0, 100, 1, 4, 2, 4),
(17, 0, 100, 1, 4, 2, 4),
(18, 0, 100, 1, 4, 2, 4),
(19, 0, 100, 1, 4, 2, 4),
(20, 0, 100, 1, 4, 2, 4),
(21, 0, 100, 1, 4, 2, 4),
(22, 0, 100, 1, 4, 2, 4),
(23, 0, 100, 1, 4, 2, 4),
(24, 0, 100, 1, 4, 2, 4),
(25, 0, 100, 1, 4, 2, 4),
(26, 0, 100, 1, 4, 2, 4),
(27, 0, 100, 1, 4, 2, 4),
(28, 0, 100, 1, 4, 2, 4),
(29, 0, 100, 1, 4, 2, 4),
(30, 0, 100, 1, 4, 2, 4),
(31, 0, 100, 1, 4, 2, 4),
(32, 0, 100, 1, 4, 2, 4),
(33, 0, 100, 1, 4, 2, 4),
(34, 0, 100, 1, 4, 2, 4),
(35, 0, 100, 1, 4, 2, 4),
(36, 0, 100, 1, 4, 2, 4),
(37, 0, 100, 1, 4, 2, 4),
(38, 0, 100, 1, 4, 2, 4),
(39, 0, 100, 1, 4, 2, 4),
(40, 0, 100, 1, 4, 2, 4),
(41, 0, 100, 1, 4, 2, 4),
(42, 0, 100, 1, 4, 2, 4),
(43, 0, 100, 1, 4, 2, 4),
(44, 0, 100, 1, 4, 2, 4),
(45, 0, 100, 1, 4, 2, 4),
(46, 0, 100, 1, 4, 2, 4),
(47, 0, 100, 1, 4, 2, 4),
(48, 0, 100, 1, 4, 2, 4),
(49, 0, 100, 1, 4, 2, 4),
(50, 0, 100, 1, 4, 2, 4),
(51, 0, 100, 1, 4, 2, 4),
(52, 0, 100, 1, 4, 2, 4),
(53, 0, 100, 1, 4, 2, 4),
(54, 0, 100, 1, 4, 2, 4),
(55, 0, 100, 1, 4, 2, 4),
(56, 0, 100, 1, 4, 2, 4),
(57, 0, 100, 1, 4, 2, 4),
(58, 0, 100, 1, 4, 2, 4),
(59, 0, 100, 1, 4, 2, 4),
(60, 0, 100, 1, 4, 2, 4),
(61, 0, 100, 1, 4, 2, 4),
(62, 0, 100, 1, 4, 2, 4),
(63, 0, 100, 1, 4, 2, 4),
(64, 0, 100, 1, 4, 2, 4),
(65, 0, 100, 1, 4, 2, 4),
(66, 0, 100, 1, 4, 2, 4),
(67, 0, 100, 1, 4, 2, 4),
(68, 0, 100, 1, 4, 2, 4),
(69, 0, 100, 1, 4, 2, 4),
(70, 0, 100, 1, 4, 2, 4),
(71, 0, 100, 1, 4, 2, 4),
(72, 0, 100, 1, 4, 2, 4),
(73, 0, 100, 1, 4, 2, 4),
(74, 0, 100, 1, 4, 2, 4),
(75, 0, 100, 1, 4, 2, 4),
(76, 0, 100, 1, 4, 2, 4),
(77, 0, 100, 1, 4, 2, 4),
(78, 0, 100, 1, 4, 2, 4),
(79, 0, 100, 1, 4, 2, 4),
(80, 0, 100, 1, 4, 2, 4),
(81, 0, 100, 1, 4, 2, 4),
(82, 0, 100, 1, 4, 2, 4),
(83, 0, 100, 1, 4, 2, 4),
(84, 0, 100, 1, 4, 2, 4),
(85, 0, 100, 1, 4, 2, 4),
(86, 0, 100, 1, 4, 2, 4),
(87, 0, 100, 1, 4, 2, 4),
(88, 0, 100, 1, 4, 2, 4),
(89, 0, 100, 1, 4, 2, 4),
(90, 0, 100, 1, 4, 2, 4),
(91, 0, 100, 1, 4, 2, 4),
(92, 0, 100, 1, 4, 2, 4),
(93, 0, 100, 1, 4, 2, 4),
(94, 0, 100, 1, 4, 2, 4),
(95, 0, 100, 1, 4, 2, 4),
(96, 0, 100, 1, 4, 2, 4),
(97, 0, 100, 1, 4, 2, 4),
(98, 0, 100, 1, 4, 2, 4),
(99, 0, 100, 1, 4, 2, 4),
(100, 0, 100, 1, 4, 2, 4),
(1, 0, 100, 1, 5, 2, 4),
(2, 0, 100, 1, 5, 2, 4),
(3, 0, 100, 1, 5, 2, 4),
(4, 0, 100, 1, 5, 2, 4),
(5, 0, 100, 1, 5, 2, 4),
(6, 0, 100, 1, 5, 2, 4),
(7, 0, 100, 1, 5, 2, 4),
(8, 0, 100, 1, 5, 2, 4),
(9, 0, 100, 1, 5, 2, 4),
(10, 0, 100, 1, 5, 2, 4),
(11, 0, 100, 1, 5, 2, 4),
(12, 0, 100, 1, 5, 2, 4),
(13, 0, 100, 1, 5, 2, 4),
(14, 0, 100, 1, 5, 2, 4),
(15, 0, 100, 1, 5, 2, 4),
(16, 0, 100, 1, 5, 2, 4),
(17, 0, 100, 1, 5, 2, 4),
(18, 0, 100, 1, 5, 2, 4),
(19, 0, 100, 1, 5, 2, 4),
(20, 0, 100, 1, 5, 2, 4),
(21, 0, 100, 1, 5, 2, 4),
(22, 0, 100, 1, 5, 2, 4),
(23, 0, 100, 1, 5, 2, 4),
(24, 0, 100, 1, 5, 2, 4),
(25, 0, 100, 1, 5, 2, 4),
(26, 0, 100, 1, 5, 2, 4),
(27, 0, 100, 1, 5, 2, 4),
(28, 0, 100, 1, 5, 2, 4),
(29, 0, 100, 1, 5, 2, 4),
(30, 0, 100, 1, 5, 2, 4),
(31, 0, 100, 1, 5, 2, 4),
(32, 0, 100, 1, 5, 2, 4),
(33, 0, 100, 1, 5, 2, 4),
(34, 0, 100, 1, 5, 2, 4),
(35, 0, 100, 1, 5, 2, 4),
(36, 0, 100, 1, 5, 2, 4),
(37, 0, 100, 1, 5, 2, 4),
(38, 0, 100, 1, 5, 2, 4),
(39, 0, 100, 1, 5, 2, 4),
(40, 0, 100, 1, 5, 2, 4),
(41, 0, 100, 1, 5, 2, 4),
(42, 0, 100, 1, 5, 2, 4),
(43, 0, 100, 1, 5, 2, 4),
(44, 0, 100, 1, 5, 2, 4),
(45, 0, 100, 1, 5, 2, 4),
(46, 0, 100, 1, 5, 2, 4),
(47, 0, 100, 1, 5, 2, 4),
(48, 0, 100, 1, 5, 2, 4),
(49, 0, 100, 1, 5, 2, 4),
(50, 0, 100, 1, 5, 2, 4),
(51, 0, 100, 1, 5, 2, 4),
(52, 0, 100, 1, 5, 2, 4),
(53, 0, 100, 1, 5, 2, 4),
(54, 0, 100, 1, 5, 2, 4),
(55, 0, 100, 1, 5, 2, 4),
(56, 0, 100, 1, 5, 2, 4),
(57, 0, 100, 1, 5, 2, 4),
(58, 0, 100, 1, 5, 2, 4),
(59, 0, 100, 1, 5, 2, 4),
(60, 0, 100, 1, 5, 2, 4),
(61, 0, 100, 1, 5, 2, 4),
(62, 0, 100, 1, 5, 2, 4),
(63, 0, 100, 1, 5, 2, 4),
(64, 0, 100, 1, 5, 2, 4),
(65, 0, 100, 1, 5, 2, 4),
(66, 0, 100, 1, 5, 2, 4),
(67, 0, 100, 1, 5, 2, 4),
(68, 0, 100, 1, 5, 2, 4),
(69, 0, 100, 1, 5, 2, 4),
(70, 0, 100, 1, 5, 2, 4),
(71, 0, 100, 1, 5, 2, 4),
(72, 0, 100, 1, 5, 2, 4),
(73, 0, 100, 1, 5, 2, 4),
(74, 0, 100, 1, 5, 2, 4),
(75, 0, 100, 1, 5, 2, 4),
(76, 0, 100, 1, 5, 2, 4),
(77, 0, 100, 1, 5, 2, 4),
(78, 0, 100, 1, 5, 2, 4),
(79, 0, 100, 1, 5, 2, 4),
(80, 0, 100, 1, 5, 2, 4),
(81, 0, 100, 1, 5, 2, 4),
(82, 0, 100, 1, 5, 2, 4),
(83, 0, 100, 1, 5, 2, 4),
(84, 0, 100, 1, 5, 2, 4),
(85, 0, 100, 1, 5, 2, 4),
(86, 0, 100, 1, 5, 2, 4),
(87, 0, 100, 1, 5, 2, 4),
(88, 0, 100, 1, 5, 2, 4),
(89, 0, 100, 1, 5, 2, 4),
(90, 0, 100, 1, 5, 2, 4),
(91, 0, 100, 1, 5, 2, 4),
(92, 0, 100, 1, 5, 2, 4),
(93, 0, 100, 1, 5, 2, 4),
(94, 0, 100, 1, 5, 2, 4),
(95, 0, 100, 1, 5, 2, 4),
(96, 0, 100, 1, 5, 2, 4),
(97, 0, 100, 1, 5, 2, 4),
(98, 0, 100, 1, 5, 2, 4),
(99, 0, 100, 1, 5, 2, 4),
(100, 0, 100, 1, 5, 2, 4),
(1, 0, 100, 1, 1, 3, 8),
(2, 0, 100, 1, 1, 3, 8),
(3, 0, 100, 1, 1, 3, 8),
(4, 0, 100, 1, 1, 3, 8),
(5, 0, 100, 1, 1, 3, 8),
(6, 0, 100, 1, 1, 3, 8),
(7, 0, 100, 1, 1, 3, 8),
(8, 0, 100, 1, 1, 3, 8),
(9, 0, 100, 1, 1, 3, 8),
(10, 0, 100, 1, 1, 3, 8),
(11, 0, 100, 1, 1, 3, 8),
(12, 0, 100, 1, 1, 3, 8),
(13, 0, 100, 1, 1, 3, 8),
(14, 0, 100, 1, 1, 3, 8),
(15, 0, 100, 1, 1, 3, 8),
(16, 0, 100, 1, 1, 3, 8),
(17, 0, 100, 1, 1, 3, 8),
(18, 0, 100, 1, 1, 3, 8),
(19, 0, 100, 1, 1, 3, 8),
(20, 0, 100, 1, 1, 3, 8),
(21, 0, 100, 1, 1, 3, 8),
(22, 0, 100, 1, 1, 3, 8),
(23, 0, 100, 1, 1, 3, 8),
(24, 0, 100, 1, 1, 3, 8),
(25, 0, 100, 1, 1, 3, 8),
(26, 0, 100, 1, 1, 3, 8),
(27, 0, 100, 1, 1, 3, 8),
(28, 0, 100, 1, 1, 3, 8),
(29, 0, 100, 1, 1, 3, 8),
(30, 0, 100, 1, 1, 3, 8),
(31, 0, 100, 1, 1, 3, 8),
(32, 0, 100, 1, 1, 3, 8),
(33, 0, 100, 1, 1, 3, 8),
(34, 0, 100, 1, 1, 3, 8),
(35, 0, 100, 1, 1, 3, 8),
(36, 0, 100, 1, 1, 3, 8),
(37, 0, 100, 1, 1, 3, 8),
(38, 0, 100, 1, 1, 3, 8),
(39, 0, 100, 1, 1, 3, 8),
(40, 0, 100, 1, 1, 3, 8),
(41, 0, 100, 1, 1, 3, 8),
(42, 0, 100, 1, 1, 3, 8),
(43, 0, 100, 1, 1, 3, 8),
(44, 0, 100, 1, 1, 3, 8),
(45, 0, 100, 1, 1, 3, 8),
(46, 0, 100, 1, 1, 3, 8),
(47, 0, 100, 1, 1, 3, 8),
(48, 0, 100, 1, 1, 3, 8),
(49, 0, 100, 1, 1, 3, 8),
(50, 0, 100, 1, 1, 3, 8),
(51, 0, 100, 1, 1, 3, 8),
(52, 0, 100, 1, 1, 3, 8),
(53, 0, 100, 1, 1, 3, 8),
(54, 0, 100, 1, 1, 3, 8),
(55, 0, 100, 1, 1, 3, 8),
(56, 0, 100, 1, 1, 3, 8),
(57, 0, 100, 1, 1, 3, 8),
(58, 0, 100, 1, 1, 3, 8),
(59, 0, 100, 1, 1, 3, 8),
(60, 0, 100, 1, 1, 3, 8),
(61, 0, 100, 1, 1, 3, 8),
(62, 0, 100, 1, 1, 3, 8),
(63, 0, 100, 1, 1, 3, 8),
(64, 0, 100, 1, 1, 3, 8),
(65, 0, 100, 1, 1, 3, 8),
(66, 0, 100, 1, 1, 3, 8),
(67, 0, 100, 1, 1, 3, 8),
(68, 0, 100, 1, 1, 3, 8),
(69, 0, 100, 1, 1, 3, 8),
(70, 0, 100, 1, 1, 3, 8),
(71, 0, 100, 1, 1, 3, 8),
(72, 0, 100, 1, 1, 3, 8),
(73, 0, 100, 1, 1, 3, 8),
(74, 0, 100, 1, 1, 3, 8),
(75, 0, 100, 1, 1, 3, 8),
(76, 0, 100, 1, 1, 3, 8),
(77, 0, 100, 1, 1, 3, 8),
(78, 0, 100, 1, 1, 3, 8),
(79, 0, 100, 1, 1, 3, 8),
(80, 0, 100, 1, 1, 3, 8),
(81, 0, 100, 1, 1, 3, 8),
(82, 0, 100, 1, 1, 3, 8),
(83, 0, 100, 1, 1, 3, 8),
(84, 0, 100, 1, 1, 3, 8),
(85, 0, 100, 1, 1, 3, 8),
(86, 0, 100, 1, 1, 3, 8),
(87, 0, 100, 1, 1, 3, 8),
(88, 0, 100, 1, 1, 3, 8),
(89, 0, 100, 1, 1, 3, 8),
(90, 0, 100, 1, 1, 3, 8),
(91, 0, 100, 1, 1, 3, 8),
(92, 0, 100, 1, 1, 3, 8),
(93, 0, 100, 1, 1, 3, 8),
(94, 0, 100, 1, 1, 3, 8),
(95, 0, 100, 1, 1, 3, 8),
(96, 0, 100, 1, 1, 3, 8),
(97, 0, 100, 1, 1, 3, 8),
(98, 0, 100, 1, 1, 3, 8),
(99, 0, 100, 1, 1, 3, 8),
(100, 0, 100, 1, 1, 3, 8),
(1, 0, 100, 1, 2, 3, 8),
(2, 0, 100, 1, 2, 3, 8),
(3, 0, 100, 1, 2, 3, 8),
(4, 0, 100, 1, 2, 3, 8),
(5, 0, 100, 1, 2, 3, 8),
(6, 0, 100, 1, 2, 3, 8),
(7, 0, 100, 1, 2, 3, 8),
(8, 0, 100, 1, 2, 3, 8),
(9, 0, 100, 1, 2, 3, 8),
(10, 0, 100, 1, 2, 3, 8),
(11, 0, 100, 1, 2, 3, 8),
(12, 0, 100, 1, 2, 3, 8),
(13, 0, 100, 1, 2, 3, 8),
(14, 0, 100, 1, 2, 3, 8),
(15, 0, 100, 1, 2, 3, 8),
(16, 0, 100, 1, 2, 3, 8),
(17, 0, 100, 1, 2, 3, 8),
(18, 0, 100, 1, 2, 3, 8),
(19, 0, 100, 1, 2, 3, 8),
(20, 0, 100, 1, 2, 3, 8),
(21, 0, 100, 1, 2, 3, 8),
(22, 0, 100, 1, 2, 3, 8),
(23, 0, 100, 1, 2, 3, 8),
(24, 0, 100, 1, 2, 3, 8),
(25, 0, 100, 1, 2, 3, 8),
(26, 0, 100, 1, 2, 3, 8),
(27, 0, 100, 1, 2, 3, 8),
(28, 0, 100, 1, 2, 3, 8),
(29, 0, 100, 1, 2, 3, 8),
(30, 0, 100, 1, 2, 3, 8),
(31, 0, 100, 1, 2, 3, 8),
(32, 0, 100, 1, 2, 3, 8),
(33, 0, 100, 1, 2, 3, 8),
(34, 0, 100, 1, 2, 3, 8),
(35, 0, 100, 1, 2, 3, 8),
(36, 0, 100, 1, 2, 3, 8),
(37, 0, 100, 1, 2, 3, 8),
(38, 0, 100, 1, 2, 3, 8),
(39, 0, 100, 1, 2, 3, 8),
(40, 0, 100, 1, 2, 3, 8),
(41, 0, 100, 1, 2, 3, 8),
(42, 0, 100, 1, 2, 3, 8),
(43, 0, 100, 1, 2, 3, 8),
(44, 0, 100, 1, 2, 3, 8),
(45, 0, 100, 1, 2, 3, 8),
(46, 0, 100, 1, 2, 3, 8),
(47, 0, 100, 1, 2, 3, 8),
(48, 0, 100, 1, 2, 3, 8),
(49, 0, 100, 1, 2, 3, 8),
(50, 0, 100, 1, 2, 3, 8),
(51, 0, 100, 1, 2, 3, 8),
(52, 0, 100, 1, 2, 3, 8),
(53, 0, 100, 1, 2, 3, 8),
(54, 0, 100, 1, 2, 3, 8),
(55, 0, 100, 1, 2, 3, 8),
(56, 0, 100, 1, 2, 3, 8),
(57, 0, 100, 1, 2, 3, 8),
(58, 0, 100, 1, 2, 3, 8),
(59, 0, 100, 1, 2, 3, 8),
(60, 0, 100, 1, 2, 3, 8),
(61, 0, 100, 1, 2, 3, 8),
(62, 0, 100, 1, 2, 3, 8),
(63, 0, 100, 1, 2, 3, 8),
(64, 0, 100, 1, 2, 3, 8),
(65, 0, 100, 1, 2, 3, 8),
(66, 0, 100, 1, 2, 3, 8),
(67, 0, 100, 1, 2, 3, 8),
(68, 0, 100, 1, 2, 3, 8),
(69, 0, 100, 1, 2, 3, 8),
(70, 0, 100, 1, 2, 3, 8),
(71, 0, 100, 1, 2, 3, 8),
(72, 0, 100, 1, 2, 3, 8),
(73, 0, 100, 1, 2, 3, 8),
(74, 0, 100, 1, 2, 3, 8),
(75, 0, 100, 1, 2, 3, 8),
(76, 0, 100, 1, 2, 3, 8),
(77, 0, 100, 1, 2, 3, 8),
(78, 0, 100, 1, 2, 3, 8),
(79, 0, 100, 1, 2, 3, 8),
(80, 0, 100, 1, 2, 3, 8),
(81, 0, 100, 1, 2, 3, 8),
(82, 0, 100, 1, 2, 3, 8),
(83, 0, 100, 1, 2, 3, 8),
(84, 0, 100, 1, 2, 3, 8),
(85, 0, 100, 1, 2, 3, 8),
(86, 0, 100, 1, 2, 3, 8),
(87, 0, 100, 1, 2, 3, 8),
(88, 0, 100, 1, 2, 3, 8),
(89, 0, 100, 1, 2, 3, 8),
(90, 0, 100, 1, 2, 3, 8),
(91, 0, 100, 1, 2, 3, 8),
(92, 0, 100, 1, 2, 3, 8),
(93, 0, 100, 1, 2, 3, 8),
(94, 0, 100, 1, 2, 3, 8),
(95, 0, 100, 1, 2, 3, 8),
(96, 0, 100, 1, 2, 3, 8),
(97, 0, 100, 1, 2, 3, 8),
(98, 0, 100, 1, 2, 3, 8),
(99, 0, 100, 1, 2, 3, 8),
(100, 0, 100, 1, 2, 3, 8),
(1, 0, 100, 1, 3, 3, 8),
(2, 0, 100, 1, 3, 3, 8),
(3, 0, 100, 1, 3, 3, 8),
(4, 0, 100, 1, 3, 3, 8),
(5, 0, 100, 1, 3, 3, 8),
(6, 0, 100, 1, 3, 3, 8),
(7, 0, 100, 1, 3, 3, 8),
(8, 0, 100, 1, 3, 3, 8),
(9, 0, 100, 1, 3, 3, 8),
(10, 0, 100, 1, 3, 3, 8),
(11, 0, 100, 1, 3, 3, 8),
(12, 0, 100, 1, 3, 3, 8),
(13, 0, 100, 1, 3, 3, 8),
(14, 0, 100, 1, 3, 3, 8),
(15, 0, 100, 1, 3, 3, 8),
(16, 0, 100, 1, 3, 3, 8),
(17, 0, 100, 1, 3, 3, 8),
(18, 0, 100, 1, 3, 3, 8),
(19, 0, 100, 1, 3, 3, 8),
(20, 0, 100, 1, 3, 3, 8),
(21, 0, 100, 1, 3, 3, 8),
(22, 0, 100, 1, 3, 3, 8),
(23, 0, 100, 1, 3, 3, 8),
(24, 0, 100, 1, 3, 3, 8),
(25, 0, 100, 1, 3, 3, 8),
(26, 0, 100, 1, 3, 3, 8),
(27, 0, 100, 1, 3, 3, 8),
(28, 0, 100, 1, 3, 3, 8),
(29, 0, 100, 1, 3, 3, 8),
(30, 0, 100, 1, 3, 3, 8),
(31, 0, 100, 1, 3, 3, 8),
(32, 0, 100, 1, 3, 3, 8),
(33, 0, 100, 1, 3, 3, 8),
(34, 0, 100, 1, 3, 3, 8),
(35, 0, 100, 1, 3, 3, 8),
(36, 0, 100, 1, 3, 3, 8),
(37, 0, 100, 1, 3, 3, 8),
(38, 0, 100, 1, 3, 3, 8),
(39, 0, 100, 1, 3, 3, 8),
(40, 0, 100, 1, 3, 3, 8),
(41, 0, 100, 1, 3, 3, 8),
(42, 0, 100, 1, 3, 3, 8),
(43, 0, 100, 1, 3, 3, 8),
(44, 0, 100, 1, 3, 3, 8),
(45, 0, 100, 1, 3, 3, 8),
(46, 0, 100, 1, 3, 3, 8),
(47, 0, 100, 1, 3, 3, 8),
(48, 0, 100, 1, 3, 3, 8),
(49, 0, 100, 1, 3, 3, 8),
(50, 0, 100, 1, 3, 3, 8),
(51, 0, 100, 1, 3, 3, 8),
(52, 0, 100, 1, 3, 3, 8),
(53, 0, 100, 1, 3, 3, 8),
(54, 0, 100, 1, 3, 3, 8),
(55, 0, 100, 1, 3, 3, 8),
(56, 0, 100, 1, 3, 3, 8),
(57, 0, 100, 1, 3, 3, 8),
(58, 0, 100, 1, 3, 3, 8),
(59, 0, 100, 1, 3, 3, 8),
(60, 0, 100, 1, 3, 3, 8),
(61, 0, 100, 1, 3, 3, 8),
(62, 0, 100, 1, 3, 3, 8),
(63, 0, 100, 1, 3, 3, 8),
(64, 0, 100, 1, 3, 3, 8),
(65, 0, 100, 1, 3, 3, 8),
(66, 0, 100, 1, 3, 3, 8),
(67, 0, 100, 1, 3, 3, 8),
(68, 0, 100, 1, 3, 3, 8),
(69, 0, 100, 1, 3, 3, 8),
(70, 0, 100, 1, 3, 3, 8),
(71, 0, 100, 1, 3, 3, 8),
(72, 0, 100, 1, 3, 3, 8),
(73, 0, 100, 1, 3, 3, 8),
(74, 0, 100, 1, 3, 3, 8),
(75, 0, 100, 1, 3, 3, 8),
(76, 0, 100, 1, 3, 3, 8),
(77, 0, 100, 1, 3, 3, 8),
(78, 0, 100, 1, 3, 3, 8),
(79, 0, 100, 1, 3, 3, 8),
(80, 0, 100, 1, 3, 3, 8),
(81, 0, 100, 1, 3, 3, 8),
(82, 0, 100, 1, 3, 3, 8),
(83, 0, 100, 1, 3, 3, 8),
(84, 0, 100, 1, 3, 3, 8),
(85, 0, 100, 1, 3, 3, 8),
(86, 0, 100, 1, 3, 3, 8),
(87, 0, 100, 1, 3, 3, 8),
(88, 0, 100, 1, 3, 3, 8),
(89, 0, 100, 1, 3, 3, 8),
(90, 0, 100, 1, 3, 3, 8),
(91, 0, 100, 1, 3, 3, 8),
(92, 0, 100, 1, 3, 3, 8),
(93, 0, 100, 1, 3, 3, 8),
(94, 0, 100, 1, 3, 3, 8),
(95, 0, 100, 1, 3, 3, 8),
(96, 0, 100, 1, 3, 3, 8),
(97, 0, 100, 1, 3, 3, 8),
(98, 0, 100, 1, 3, 3, 8),
(99, 0, 100, 1, 3, 3, 8),
(100, 0, 100, 1, 3, 3, 8),
(1, 0, 100, 1, 4, 3, 8),
(2, 0, 100, 1, 4, 3, 8),
(3, 0, 100, 1, 4, 3, 8),
(4, 0, 100, 1, 4, 3, 8),
(5, 0, 100, 1, 4, 3, 8),
(6, 0, 100, 1, 4, 3, 8),
(7, 0, 100, 1, 4, 3, 8),
(8, 0, 100, 1, 4, 3, 8),
(9, 0, 100, 1, 4, 3, 8),
(10, 0, 100, 1, 4, 3, 8),
(11, 0, 100, 1, 4, 3, 8),
(12, 0, 100, 1, 4, 3, 8),
(13, 0, 100, 1, 4, 3, 8),
(14, 0, 100, 1, 4, 3, 8),
(15, 0, 100, 1, 4, 3, 8),
(16, 0, 100, 1, 4, 3, 8),
(17, 0, 100, 1, 4, 3, 8),
(18, 0, 100, 1, 4, 3, 8),
(19, 0, 100, 1, 4, 3, 8),
(20, 0, 100, 1, 4, 3, 8),
(21, 0, 100, 1, 4, 3, 8),
(22, 0, 100, 1, 4, 3, 8),
(23, 0, 100, 1, 4, 3, 8),
(24, 0, 100, 1, 4, 3, 8),
(25, 0, 100, 1, 4, 3, 8),
(26, 0, 100, 1, 4, 3, 8),
(27, 0, 100, 1, 4, 3, 8),
(28, 0, 100, 1, 4, 3, 8),
(29, 0, 100, 1, 4, 3, 8),
(30, 0, 100, 1, 4, 3, 8),
(31, 0, 100, 1, 4, 3, 8),
(32, 0, 100, 1, 4, 3, 8),
(33, 0, 100, 1, 4, 3, 8),
(34, 0, 100, 1, 4, 3, 8),
(35, 0, 100, 1, 4, 3, 8),
(36, 0, 100, 1, 4, 3, 8),
(37, 0, 100, 1, 4, 3, 8),
(38, 0, 100, 1, 4, 3, 8),
(39, 0, 100, 1, 4, 3, 8),
(40, 0, 100, 1, 4, 3, 8),
(41, 0, 100, 1, 4, 3, 8),
(42, 0, 100, 1, 4, 3, 8),
(43, 0, 100, 1, 4, 3, 8),
(44, 0, 100, 1, 4, 3, 8),
(45, 0, 100, 1, 4, 3, 8),
(46, 0, 100, 1, 4, 3, 8),
(47, 0, 100, 1, 4, 3, 8),
(48, 0, 100, 1, 4, 3, 8),
(49, 0, 100, 1, 4, 3, 8),
(50, 0, 100, 1, 4, 3, 8),
(51, 0, 100, 1, 4, 3, 8),
(52, 0, 100, 1, 4, 3, 8),
(53, 0, 100, 1, 4, 3, 8),
(54, 0, 100, 1, 4, 3, 8),
(55, 0, 100, 1, 4, 3, 8),
(56, 0, 100, 1, 4, 3, 8),
(57, 0, 100, 1, 4, 3, 8),
(58, 0, 100, 1, 4, 3, 8),
(59, 0, 100, 1, 4, 3, 8),
(60, 0, 100, 1, 4, 3, 8),
(61, 0, 100, 1, 4, 3, 8),
(62, 0, 100, 1, 4, 3, 8),
(63, 0, 100, 1, 4, 3, 8),
(64, 0, 100, 1, 4, 3, 8),
(65, 0, 100, 1, 4, 3, 8),
(66, 0, 100, 1, 4, 3, 8),
(67, 0, 100, 1, 4, 3, 8),
(68, 0, 100, 1, 4, 3, 8),
(69, 0, 100, 1, 4, 3, 8),
(70, 0, 100, 1, 4, 3, 8),
(71, 0, 100, 1, 4, 3, 8),
(72, 0, 100, 1, 4, 3, 8),
(73, 0, 100, 1, 4, 3, 8),
(74, 0, 100, 1, 4, 3, 8),
(75, 0, 100, 1, 4, 3, 8),
(76, 0, 100, 1, 4, 3, 8),
(77, 0, 100, 1, 4, 3, 8),
(78, 0, 100, 1, 4, 3, 8),
(79, 0, 100, 1, 4, 3, 8),
(80, 0, 100, 1, 4, 3, 8),
(81, 0, 100, 1, 4, 3, 8),
(82, 0, 100, 1, 4, 3, 8),
(83, 0, 100, 1, 4, 3, 8),
(84, 0, 100, 1, 4, 3, 8),
(85, 0, 100, 1, 4, 3, 8),
(86, 0, 100, 1, 4, 3, 8),
(87, 0, 100, 1, 4, 3, 8),
(88, 0, 100, 1, 4, 3, 8),
(89, 0, 100, 1, 4, 3, 8),
(90, 0, 100, 1, 4, 3, 8),
(91, 0, 100, 1, 4, 3, 8),
(92, 0, 100, 1, 4, 3, 8),
(93, 0, 100, 1, 4, 3, 8),
(94, 0, 100, 1, 4, 3, 8),
(95, 0, 100, 1, 4, 3, 8),
(96, 0, 100, 1, 4, 3, 8),
(97, 0, 100, 1, 4, 3, 8),
(98, 0, 100, 1, 4, 3, 8),
(99, 0, 100, 1, 4, 3, 8),
(100, 0, 100, 1, 4, 3, 8),
(1, 0, 100, 1, 1, 4, 11),
(2, 0, 100, 1, 1, 4, 11),
(3, 0, 100, 1, 1, 4, 11),
(4, 0, 100, 1, 1, 4, 11),
(5, 0, 100, 1, 1, 4, 11),
(6, 0, 100, 1, 1, 4, 11),
(7, 0, 100, 1, 1, 4, 11),
(8, 0, 100, 1, 1, 4, 11),
(9, 0, 100, 1, 1, 4, 11),
(10, 0, 100, 1, 1, 4, 11),
(11, 0, 100, 1, 1, 4, 11),
(12, 0, 100, 1, 1, 4, 11),
(13, 0, 100, 1, 1, 4, 11),
(14, 0, 100, 1, 1, 4, 11),
(15, 0, 100, 1, 1, 4, 11),
(16, 0, 100, 1, 1, 4, 11),
(17, 0, 100, 1, 1, 4, 11),
(18, 0, 100, 1, 1, 4, 11),
(19, 0, 100, 1, 1, 4, 11),
(20, 0, 100, 1, 1, 4, 11),
(21, 0, 100, 1, 1, 4, 11),
(22, 0, 100, 1, 1, 4, 11),
(23, 0, 100, 1, 1, 4, 11),
(24, 0, 100, 1, 1, 4, 11),
(25, 0, 100, 1, 1, 4, 11),
(26, 0, 100, 1, 1, 4, 11),
(27, 0, 100, 1, 1, 4, 11),
(28, 0, 100, 1, 1, 4, 11),
(29, 0, 100, 1, 1, 4, 11),
(30, 0, 100, 1, 1, 4, 11),
(31, 0, 100, 1, 1, 4, 11),
(32, 0, 100, 1, 1, 4, 11),
(33, 0, 100, 1, 1, 4, 11),
(34, 0, 100, 1, 1, 4, 11),
(35, 0, 100, 1, 1, 4, 11),
(36, 0, 100, 1, 1, 4, 11),
(37, 0, 100, 1, 1, 4, 11),
(38, 0, 100, 1, 1, 4, 11),
(39, 0, 100, 1, 1, 4, 11),
(40, 0, 100, 1, 1, 4, 11),
(41, 0, 100, 1, 1, 4, 11),
(42, 0, 100, 1, 1, 4, 11),
(43, 0, 100, 1, 1, 4, 11),
(44, 0, 100, 1, 1, 4, 11),
(45, 0, 100, 1, 1, 4, 11),
(46, 0, 100, 1, 1, 4, 11),
(47, 0, 100, 1, 1, 4, 11),
(48, 0, 100, 1, 1, 4, 11),
(49, 0, 100, 1, 1, 4, 11),
(50, 0, 100, 1, 1, 4, 11),
(51, 0, 100, 1, 1, 4, 11),
(52, 0, 100, 1, 1, 4, 11),
(53, 0, 100, 1, 1, 4, 11),
(54, 0, 100, 1, 1, 4, 11),
(55, 0, 100, 1, 1, 4, 11),
(56, 0, 100, 1, 1, 4, 11),
(57, 0, 100, 1, 1, 4, 11),
(58, 0, 100, 1, 1, 4, 11),
(59, 0, 100, 1, 1, 4, 11),
(60, 0, 100, 1, 1, 4, 11),
(61, 0, 100, 1, 1, 4, 11),
(62, 0, 100, 1, 1, 4, 11),
(63, 0, 100, 1, 1, 4, 11),
(64, 0, 100, 1, 1, 4, 11),
(65, 0, 100, 1, 1, 4, 11),
(66, 0, 100, 1, 1, 4, 11),
(67, 0, 100, 1, 1, 4, 11),
(68, 0, 100, 1, 1, 4, 11),
(69, 0, 100, 1, 1, 4, 11),
(70, 0, 100, 1, 1, 4, 11),
(71, 0, 100, 1, 1, 4, 11),
(72, 0, 100, 1, 1, 4, 11),
(73, 0, 100, 1, 1, 4, 11),
(74, 0, 100, 1, 1, 4, 11),
(75, 0, 100, 1, 1, 4, 11),
(76, 0, 100, 1, 1, 4, 11),
(77, 0, 100, 1, 1, 4, 11),
(78, 0, 100, 1, 1, 4, 11),
(79, 0, 100, 1, 1, 4, 11),
(80, 0, 100, 1, 1, 4, 11),
(81, 0, 100, 1, 1, 4, 11),
(82, 0, 100, 1, 1, 4, 11),
(83, 0, 100, 1, 1, 4, 11),
(84, 0, 100, 1, 1, 4, 11),
(85, 0, 100, 1, 1, 4, 11),
(86, 0, 100, 1, 1, 4, 11),
(87, 0, 100, 1, 1, 4, 11),
(88, 0, 100, 1, 1, 4, 11),
(89, 0, 100, 1, 1, 4, 11),
(90, 0, 100, 1, 1, 4, 11),
(91, 0, 100, 1, 1, 4, 11),
(92, 0, 100, 1, 1, 4, 11),
(93, 0, 100, 1, 1, 4, 11),
(94, 0, 100, 1, 1, 4, 11),
(95, 0, 100, 1, 1, 4, 11),
(96, 0, 100, 1, 1, 4, 11),
(97, 0, 100, 1, 1, 4, 11),
(98, 0, 100, 1, 1, 4, 11),
(99, 0, 100, 1, 1, 4, 11),
(100, 0, 100, 1, 1, 4, 11),
(1, 0, 100, 1, 2, 4, 11),
(2, 0, 100, 1, 2, 4, 11),
(3, 0, 100, 1, 2, 4, 11),
(4, 0, 100, 1, 2, 4, 11),
(5, 0, 100, 1, 2, 4, 11),
(6, 0, 100, 1, 2, 4, 11),
(7, 0, 100, 1, 2, 4, 11),
(8, 0, 100, 1, 2, 4, 11),
(9, 0, 100, 1, 2, 4, 11),
(10, 0, 100, 1, 2, 4, 11),
(11, 0, 100, 1, 2, 4, 11),
(12, 0, 100, 1, 2, 4, 11),
(13, 0, 100, 1, 2, 4, 11),
(14, 0, 100, 1, 2, 4, 11),
(15, 0, 100, 1, 2, 4, 11),
(16, 0, 100, 1, 2, 4, 11),
(17, 0, 100, 1, 2, 4, 11),
(18, 0, 100, 1, 2, 4, 11),
(19, 0, 100, 1, 2, 4, 11),
(20, 0, 100, 1, 2, 4, 11),
(21, 0, 100, 1, 2, 4, 11),
(22, 0, 100, 1, 2, 4, 11),
(23, 0, 100, 1, 2, 4, 11),
(24, 0, 100, 1, 2, 4, 11),
(25, 0, 100, 1, 2, 4, 11),
(26, 0, 100, 1, 2, 4, 11),
(27, 0, 100, 1, 2, 4, 11),
(28, 0, 100, 1, 2, 4, 11),
(29, 0, 100, 1, 2, 4, 11),
(30, 0, 100, 1, 2, 4, 11),
(31, 0, 100, 1, 2, 4, 11),
(32, 0, 100, 1, 2, 4, 11),
(33, 0, 100, 1, 2, 4, 11),
(34, 0, 100, 1, 2, 4, 11),
(35, 0, 100, 1, 2, 4, 11),
(36, 0, 100, 1, 2, 4, 11),
(37, 0, 100, 1, 2, 4, 11),
(38, 0, 100, 1, 2, 4, 11),
(39, 0, 100, 1, 2, 4, 11),
(40, 0, 100, 1, 2, 4, 11),
(41, 0, 100, 1, 2, 4, 11),
(42, 0, 100, 1, 2, 4, 11),
(43, 0, 100, 1, 2, 4, 11),
(44, 0, 100, 1, 2, 4, 11),
(45, 0, 100, 1, 2, 4, 11),
(46, 0, 100, 1, 2, 4, 11),
(47, 0, 100, 1, 2, 4, 11),
(48, 0, 100, 1, 2, 4, 11),
(49, 0, 100, 1, 2, 4, 11),
(50, 0, 100, 1, 2, 4, 11),
(51, 0, 100, 1, 2, 4, 11),
(52, 0, 100, 1, 2, 4, 11),
(53, 0, 100, 1, 2, 4, 11),
(54, 0, 100, 1, 2, 4, 11),
(55, 0, 100, 1, 2, 4, 11),
(56, 0, 100, 1, 2, 4, 11),
(57, 0, 100, 1, 2, 4, 11),
(58, 0, 100, 1, 2, 4, 11),
(59, 0, 100, 1, 2, 4, 11),
(60, 0, 100, 1, 2, 4, 11),
(61, 0, 100, 1, 2, 4, 11),
(62, 0, 100, 1, 2, 4, 11),
(63, 0, 100, 1, 2, 4, 11),
(64, 0, 100, 1, 2, 4, 11),
(65, 0, 100, 1, 2, 4, 11),
(66, 0, 100, 1, 2, 4, 11),
(67, 0, 100, 1, 2, 4, 11),
(68, 0, 100, 1, 2, 4, 11),
(69, 0, 100, 1, 2, 4, 11),
(70, 0, 100, 1, 2, 4, 11),
(71, 0, 100, 1, 2, 4, 11),
(72, 0, 100, 1, 2, 4, 11),
(73, 0, 100, 1, 2, 4, 11),
(74, 0, 100, 1, 2, 4, 11),
(75, 0, 100, 1, 2, 4, 11),
(76, 0, 100, 1, 2, 4, 11),
(77, 0, 100, 1, 2, 4, 11),
(78, 0, 100, 1, 2, 4, 11),
(79, 0, 100, 1, 2, 4, 11),
(80, 0, 100, 1, 2, 4, 11),
(81, 0, 100, 1, 2, 4, 11),
(82, 0, 100, 1, 2, 4, 11),
(83, 0, 100, 1, 2, 4, 11),
(84, 0, 100, 1, 2, 4, 11),
(85, 0, 100, 1, 2, 4, 11),
(86, 0, 100, 1, 2, 4, 11),
(87, 0, 100, 1, 2, 4, 11),
(88, 0, 100, 1, 2, 4, 11),
(89, 0, 100, 1, 2, 4, 11),
(90, 0, 100, 1, 2, 4, 11),
(91, 0, 100, 1, 2, 4, 11),
(92, 0, 100, 1, 2, 4, 11),
(93, 0, 100, 1, 2, 4, 11),
(94, 0, 100, 1, 2, 4, 11),
(95, 0, 100, 1, 2, 4, 11),
(96, 0, 100, 1, 2, 4, 11),
(97, 0, 100, 1, 2, 4, 11),
(98, 0, 100, 1, 2, 4, 11),
(99, 0, 100, 1, 2, 4, 11),
(100, 0, 100, 1, 2, 4, 11),
(1, 0, 100, 1, 3, 4, 11),
(2, 0, 100, 1, 3, 4, 11),
(3, 0, 100, 1, 3, 4, 11),
(4, 0, 100, 1, 3, 4, 11),
(5, 0, 100, 1, 3, 4, 11),
(6, 0, 100, 1, 3, 4, 11),
(7, 0, 100, 1, 3, 4, 11),
(8, 0, 100, 1, 3, 4, 11),
(9, 0, 100, 1, 3, 4, 11),
(10, 0, 100, 1, 3, 4, 11),
(11, 0, 100, 1, 3, 4, 11),
(12, 0, 100, 1, 3, 4, 11),
(13, 0, 100, 1, 3, 4, 11),
(14, 0, 100, 1, 3, 4, 11),
(15, 0, 100, 1, 3, 4, 11),
(16, 0, 100, 1, 3, 4, 11),
(17, 0, 100, 1, 3, 4, 11),
(18, 0, 100, 1, 3, 4, 11),
(19, 0, 100, 1, 3, 4, 11),
(20, 0, 100, 1, 3, 4, 11),
(21, 0, 100, 1, 3, 4, 11),
(22, 0, 100, 1, 3, 4, 11),
(23, 0, 100, 1, 3, 4, 11),
(24, 0, 100, 1, 3, 4, 11),
(25, 0, 100, 1, 3, 4, 11),
(26, 0, 100, 1, 3, 4, 11),
(27, 0, 100, 1, 3, 4, 11),
(28, 0, 100, 1, 3, 4, 11),
(29, 0, 100, 1, 3, 4, 11),
(30, 0, 100, 1, 3, 4, 11),
(31, 0, 100, 1, 3, 4, 11),
(32, 0, 100, 1, 3, 4, 11),
(33, 0, 100, 1, 3, 4, 11),
(34, 0, 100, 1, 3, 4, 11),
(35, 0, 100, 1, 3, 4, 11),
(36, 0, 100, 1, 3, 4, 11),
(37, 0, 100, 1, 3, 4, 11),
(38, 0, 100, 1, 3, 4, 11),
(39, 0, 100, 1, 3, 4, 11),
(40, 0, 100, 1, 3, 4, 11),
(41, 0, 100, 1, 3, 4, 11),
(42, 0, 100, 1, 3, 4, 11),
(43, 0, 100, 1, 3, 4, 11),
(44, 0, 100, 1, 3, 4, 11),
(45, 0, 100, 1, 3, 4, 11),
(46, 0, 100, 1, 3, 4, 11),
(47, 0, 100, 1, 3, 4, 11),
(48, 0, 100, 1, 3, 4, 11),
(49, 0, 100, 1, 3, 4, 11),
(50, 0, 100, 1, 3, 4, 11),
(51, 0, 100, 1, 3, 4, 11),
(52, 0, 100, 1, 3, 4, 11),
(53, 0, 100, 1, 3, 4, 11),
(54, 0, 100, 1, 3, 4, 11),
(55, 0, 100, 1, 3, 4, 11),
(56, 0, 100, 1, 3, 4, 11),
(57, 0, 100, 1, 3, 4, 11),
(58, 0, 100, 1, 3, 4, 11),
(59, 0, 100, 1, 3, 4, 11),
(60, 0, 100, 1, 3, 4, 11),
(61, 0, 100, 1, 3, 4, 11),
(62, 0, 100, 1, 3, 4, 11),
(63, 0, 100, 1, 3, 4, 11),
(64, 0, 100, 1, 3, 4, 11),
(65, 0, 100, 1, 3, 4, 11),
(66, 0, 100, 1, 3, 4, 11),
(67, 0, 100, 1, 3, 4, 11),
(68, 0, 100, 1, 3, 4, 11),
(69, 0, 100, 1, 3, 4, 11),
(70, 0, 100, 1, 3, 4, 11),
(71, 0, 100, 1, 3, 4, 11),
(72, 0, 100, 1, 3, 4, 11),
(73, 0, 100, 1, 3, 4, 11),
(74, 0, 100, 1, 3, 4, 11),
(75, 0, 100, 1, 3, 4, 11),
(76, 0, 100, 1, 3, 4, 11),
(77, 0, 100, 1, 3, 4, 11),
(78, 0, 100, 1, 3, 4, 11),
(79, 0, 100, 1, 3, 4, 11),
(80, 0, 100, 1, 3, 4, 11),
(81, 0, 100, 1, 3, 4, 11),
(82, 0, 100, 1, 3, 4, 11),
(83, 0, 100, 1, 3, 4, 11),
(84, 0, 100, 1, 3, 4, 11),
(85, 0, 100, 1, 3, 4, 11),
(86, 0, 100, 1, 3, 4, 11),
(87, 0, 100, 1, 3, 4, 11),
(88, 0, 100, 1, 3, 4, 11),
(89, 0, 100, 1, 3, 4, 11),
(90, 0, 100, 1, 3, 4, 11),
(91, 0, 100, 1, 3, 4, 11),
(92, 0, 100, 1, 3, 4, 11),
(93, 0, 100, 1, 3, 4, 11),
(94, 0, 100, 1, 3, 4, 11),
(95, 0, 100, 1, 3, 4, 11),
(96, 0, 100, 1, 3, 4, 11),
(97, 0, 100, 1, 3, 4, 11),
(98, 0, 100, 1, 3, 4, 11),
(99, 0, 100, 1, 3, 4, 11),
(100, 0, 100, 1, 3, 4, 11),
(1, 0, 100, 1, 4, 4, 11),
(2, 0, 100, 1, 4, 4, 11),
(3, 0, 100, 1, 4, 4, 11),
(4, 0, 100, 1, 4, 4, 11),
(5, 0, 100, 1, 4, 4, 11),
(6, 0, 100, 1, 4, 4, 11),
(7, 0, 100, 1, 4, 4, 11),
(8, 0, 100, 1, 4, 4, 11),
(9, 0, 100, 1, 4, 4, 11),
(10, 0, 100, 1, 4, 4, 11),
(11, 0, 100, 1, 4, 4, 11),
(12, 0, 100, 1, 4, 4, 11),
(13, 0, 100, 1, 4, 4, 11),
(14, 0, 100, 1, 4, 4, 11),
(15, 0, 100, 1, 4, 4, 11),
(16, 0, 100, 1, 4, 4, 11),
(17, 0, 100, 1, 4, 4, 11),
(18, 0, 100, 1, 4, 4, 11),
(19, 0, 100, 1, 4, 4, 11),
(20, 0, 100, 1, 4, 4, 11),
(21, 0, 100, 1, 4, 4, 11),
(22, 0, 100, 1, 4, 4, 11),
(23, 0, 100, 1, 4, 4, 11),
(24, 0, 100, 1, 4, 4, 11),
(25, 0, 100, 1, 4, 4, 11),
(26, 0, 100, 1, 4, 4, 11),
(27, 0, 100, 1, 4, 4, 11),
(28, 0, 100, 1, 4, 4, 11),
(29, 0, 100, 1, 4, 4, 11),
(30, 0, 100, 1, 4, 4, 11),
(31, 0, 100, 1, 4, 4, 11),
(32, 0, 100, 1, 4, 4, 11),
(33, 0, 100, 1, 4, 4, 11),
(34, 0, 100, 1, 4, 4, 11),
(35, 0, 100, 1, 4, 4, 11),
(36, 0, 100, 1, 4, 4, 11),
(37, 0, 100, 1, 4, 4, 11),
(38, 0, 100, 1, 4, 4, 11),
(39, 0, 100, 1, 4, 4, 11),
(40, 0, 100, 1, 4, 4, 11),
(41, 0, 100, 1, 4, 4, 11),
(42, 0, 100, 1, 4, 4, 11),
(43, 0, 100, 1, 4, 4, 11),
(44, 0, 100, 1, 4, 4, 11),
(45, 0, 100, 1, 4, 4, 11),
(46, 0, 100, 1, 4, 4, 11),
(47, 0, 100, 1, 4, 4, 11),
(48, 0, 100, 1, 4, 4, 11),
(49, 0, 100, 1, 4, 4, 11),
(50, 0, 100, 1, 4, 4, 11),
(51, 0, 100, 1, 4, 4, 11),
(52, 0, 100, 1, 4, 4, 11),
(53, 0, 100, 1, 4, 4, 11),
(54, 0, 100, 1, 4, 4, 11),
(55, 0, 100, 1, 4, 4, 11),
(56, 0, 100, 1, 4, 4, 11),
(57, 0, 100, 1, 4, 4, 11),
(58, 0, 100, 1, 4, 4, 11),
(59, 0, 100, 1, 4, 4, 11),
(60, 0, 100, 1, 4, 4, 11),
(61, 0, 100, 1, 4, 4, 11),
(62, 0, 100, 1, 4, 4, 11),
(63, 0, 100, 1, 4, 4, 11),
(64, 0, 100, 1, 4, 4, 11),
(65, 0, 100, 1, 4, 4, 11),
(66, 0, 100, 1, 4, 4, 11),
(67, 0, 100, 1, 4, 4, 11),
(68, 0, 100, 1, 4, 4, 11),
(69, 0, 100, 1, 4, 4, 11),
(70, 0, 100, 1, 4, 4, 11),
(71, 0, 100, 1, 4, 4, 11),
(72, 0, 100, 1, 4, 4, 11),
(73, 0, 100, 1, 4, 4, 11),
(74, 0, 100, 1, 4, 4, 11),
(75, 0, 100, 1, 4, 4, 11),
(76, 0, 100, 1, 4, 4, 11),
(77, 0, 100, 1, 4, 4, 11),
(78, 0, 100, 1, 4, 4, 11),
(79, 0, 100, 1, 4, 4, 11),
(80, 0, 100, 1, 4, 4, 11),
(81, 0, 100, 1, 4, 4, 11),
(82, 0, 100, 1, 4, 4, 11),
(83, 0, 100, 1, 4, 4, 11),
(84, 0, 100, 1, 4, 4, 11),
(85, 0, 100, 1, 4, 4, 11),
(86, 0, 100, 1, 4, 4, 11),
(87, 0, 100, 1, 4, 4, 11),
(88, 0, 100, 1, 4, 4, 11),
(89, 0, 100, 1, 4, 4, 11),
(90, 0, 100, 1, 4, 4, 11),
(91, 0, 100, 1, 4, 4, 11),
(92, 0, 100, 1, 4, 4, 11),
(93, 0, 100, 1, 4, 4, 11),
(94, 0, 100, 1, 4, 4, 11),
(95, 0, 100, 1, 4, 4, 11),
(96, 0, 100, 1, 4, 4, 11),
(97, 0, 100, 1, 4, 4, 11),
(98, 0, 100, 1, 4, 4, 11),
(99, 0, 100, 1, 4, 4, 11),
(100, 0, 100, 1, 4, 4, 11);

-- --------------------------------------------------------

--
-- Table structure for table `shows`
--

CREATE TABLE `shows` (
  `show_id` int(11) NOT NULL,
  `language` varchar(10) DEFAULT NULL,
  `movie_id` int(10) NOT NULL,
  `screen_id` int(10) DEFAULT NULL,
  `tid` int(11) DEFAULT NULL
) ENGINE=InnoDB DEFAULT CHARSET=latin1;

--
-- Dumping data for table `shows`
--

INSERT INTO `shows` (`show_id`, `language`, `movie_id`, `screen_id`, `tid`) VALUES
(1, 'Hindi', 4, 1, 2),
(1, 'Hindi', 8, 1, 3),
(1, 'English', 11, 1, 4),
(2, 'Hindi', 4, 1, 2),
(2, 'Hindi', 8, 1, 3),
(2, 'English', 11, 1, 4),
(3, 'English', 4, 1, 2),
(3, 'Hindi', 8, 1, 3),
(3, 'English', 11, 1, 4),
(4, 'Hindi', 4, 1, 2),
(4, 'Hindi', 8, 1, 3),
(4, 'English', 11, 1, 4),
(5, 'English', 4, 1, 2);

-- --------------------------------------------------------

--
-- Table structure for table `theatre`
--

CREATE TABLE `theatre` (
  `tid` int(11) NOT NULL,
  `tname` varchar(20) DEFAULT NULL,
  `location` varchar(25) DEFAULT NULL,
  `screen_id` int(11) DEFAULT NULL
) ENGINE=InnoDB DEFAULT CHARSET=latin1;

--
-- Dumping data for table `theatre`
--

INSERT INTO `theatre` (`tid`, `tname`, `location`, `screen_id`) VALUES
(2, 'City Pride', 'Bund Garden', 1),
(3, 'Mangala', 'loc', 1),
(4, 'Deccan Mall', 'loc', 1),
(5, 'abc', 'loc', 1);

-- --------------------------------------------------------

--
-- Table structure for table `tickets`
--

CREATE TABLE `tickets` (
  `ticket_no` int(11) NOT NULL,
  `show_date` varchar(10) DEFAULT NULL,
  `price` int(11) DEFAULT NULL,
  `show_id` int(10) NOT NULL,
  `tid` int(11) NOT NULL,
  `movie_id` int(11) NOT NULL,
  `user_id` varchar(20) NOT NULL,
  `screen_id` int(11) NOT NULL,
  `seat_id` int(11) NOT NULL
) ENGINE=InnoDB DEFAULT CHARSET=latin1;

--
-- Dumping data for table `tickets`
--

INSERT INTO `tickets` (`ticket_no`, `show_date`, `price`, `show_id`, `tid`, `movie_id`, `user_id`, `screen_id`, `seat_id`) VALUES
(1, '2018-04-16', 100, 1, 2, 4, 'g', 1, 44),
(1, '2018-04-16', 100, 1, 2, 4, 'g', 1, 45),
(1, '2018-04-16', 100, 1, 2, 4, 'g', 1, 46),
(2, '2018-04-17', 100, 1, 2, 4, 'g', 1, 77),
(2, '2018-04-17', 100, 1, 2, 4, 'g', 1, 78),
(2, '2018-04-17', 100, 1, 2, 4, 'g', 1, 79),
(3, '2018-04-16', 100, 1, 2, 4, 'g', 1, 68),
(3, '2018-04-16', 100, 1, 2, 4, 'g', 1, 69),
(3, '2018-04-16', 100, 1, 2, 4, 'g', 1, 70),
(4, '2018-04-16', 100, 1, 2, 4, 'g', 1, 48),
(4, '2018-04-16', 100, 1, 2, 4, 'g', 1, 49);

--
-- Indexes for dumped tables
--

--
-- Indexes for table `admin`
--
ALTER TABLE `admin`
  ADD PRIMARY KEY (`admin_id`);

--
-- Indexes for table `cancellation`
--
ALTER TABLE `cancellation`
  ADD PRIMARY KEY (`cancel_id`),
  ADD KEY `ticket_no` (`ticket_no`),
  ADD KEY `booking_id` (`booking_id`),
  ADD KEY `seat_id` (`seat_id`);

--
-- Indexes for table `customer`
--
ALTER TABLE `customer`
  ADD PRIMARY KEY (`user_id`);

--
-- Indexes for table `discount`
--
ALTER TABLE `discount`
  ADD PRIMARY KEY (`offer_id`);

--
-- Indexes for table `movie`
--
ALTER TABLE `movie`
  ADD PRIMARY KEY (`movie_id`);

--
-- Indexes for table `screen`
--
ALTER TABLE `screen`
  ADD PRIMARY KEY (`screen_id`);

--
-- Indexes for table `seats`
--
ALTER TABLE `seats`
  ADD PRIMARY KEY (`tid`,`movie_id`,`show_id`,`seat_id`),
  ADD KEY `screen_id` (`screen_id`),
  ADD KEY `show_id` (`show_id`),
  ADD KEY `movie_id` (`movie_id`),
  ADD KEY `tid` (`tid`);

--
-- Indexes for table `shows`
--
ALTER TABLE `shows`
  ADD PRIMARY KEY (`show_id`,`movie_id`),
  ADD KEY `movie_id` (`movie_id`),
  ADD KEY `screen_id` (`screen_id`),
  ADD KEY `tid` (`tid`);

--
-- Indexes for table `theatre`
--
ALTER TABLE `theatre`
  ADD PRIMARY KEY (`tid`),
  ADD KEY `screen_id` (`screen_id`);

--
-- Indexes for table `tickets`
--
ALTER TABLE `tickets`
  ADD PRIMARY KEY (`ticket_no`,`user_id`,`movie_id`,`screen_id`,`tid`,`show_id`,`seat_id`),
  ADD KEY `show_id` (`show_id`),
  ADD KEY `user_id` (`user_id`),
  ADD KEY `screen_id` (`screen_id`),
  ADD KEY `tid` (`tid`),
  ADD KEY `movie_id` (`movie_id`);

--
-- AUTO_INCREMENT for dumped tables
--

--
-- AUTO_INCREMENT for table `admin`
--
ALTER TABLE `admin`
  MODIFY `admin_id` int(11) NOT NULL AUTO_INCREMENT, AUTO_INCREMENT=2;

--
-- AUTO_INCREMENT for table `cancellation`
--
ALTER TABLE `cancellation`
  MODIFY `cancel_id` int(11) NOT NULL AUTO_INCREMENT;

--
-- AUTO_INCREMENT for table `discount`
--
ALTER TABLE `discount`
  MODIFY `offer_id` int(11) NOT NULL AUTO_INCREMENT, AUTO_INCREMENT=2;

--
-- AUTO_INCREMENT for table `movie`
--
ALTER TABLE `movie`
  MODIFY `movie_id` int(11) NOT NULL AUTO_INCREMENT, AUTO_INCREMENT=12;

--
-- AUTO_INCREMENT for table `screen`
--
ALTER TABLE `screen`
  MODIFY `screen_id` int(11) NOT NULL AUTO_INCREMENT, AUTO_INCREMENT=5;

--
-- AUTO_INCREMENT for table `theatre`
--
ALTER TABLE `theatre`
  MODIFY `tid` int(11) NOT NULL AUTO_INCREMENT, AUTO_INCREMENT=6;

--
-- Constraints for dumped tables
--

--
-- Constraints for table `seats`
--
ALTER TABLE `seats`
  ADD CONSTRAINT `seats_ibfk_1` FOREIGN KEY (`tid`) REFERENCES `theatre` (`tid`) ON DELETE CASCADE ON UPDATE CASCADE,
  ADD CONSTRAINT `seats_ibfk_2` FOREIGN KEY (`screen_id`) REFERENCES `screen` (`screen_id`) ON DELETE CASCADE ON UPDATE CASCADE,
  ADD CONSTRAINT `seats_ibfk_3` FOREIGN KEY (`show_id`) REFERENCES `shows` (`show_id`) ON DELETE CASCADE ON UPDATE CASCADE,
  ADD CONSTRAINT `seats_ibfk_4` FOREIGN KEY (`movie_id`) REFERENCES `movie` (`movie_id`) ON DELETE CASCADE ON UPDATE CASCADE;

--
-- Constraints for table `shows`
--
ALTER TABLE `shows`
  ADD CONSTRAINT `shows_ibfk_1` FOREIGN KEY (`movie_id`) REFERENCES `movie` (`movie_id`) ON DELETE CASCADE ON UPDATE CASCADE,
  ADD CONSTRAINT `shows_ibfk_2` FOREIGN KEY (`screen_id`) REFERENCES `screen` (`screen_id`) ON DELETE CASCADE ON UPDATE CASCADE,
  ADD CONSTRAINT `shows_ibfk_3` FOREIGN KEY (`tid`) REFERENCES `theatre` (`tid`) ON DELETE CASCADE ON UPDATE CASCADE;

--
-- Constraints for table `theatre`
--
ALTER TABLE `theatre`
  ADD CONSTRAINT `theatre_ibfk_1` FOREIGN KEY (`screen_id`) REFERENCES `screen` (`screen_id`) ON DELETE CASCADE ON UPDATE CASCADE;

--
-- Constraints for table `tickets`
--
ALTER TABLE `tickets`
  ADD CONSTRAINT `tickets_ibfk_1` FOREIGN KEY (`show_id`) REFERENCES `shows` (`show_id`) ON DELETE CASCADE ON UPDATE CASCADE,
  ADD CONSTRAINT `tickets_ibfk_2` FOREIGN KEY (`user_id`) REFERENCES `customer` (`user_id`) ON DELETE CASCADE ON UPDATE CASCADE,
  ADD CONSTRAINT `tickets_ibfk_3` FOREIGN KEY (`screen_id`) REFERENCES `screen` (`screen_id`) ON DELETE CASCADE ON UPDATE CASCADE,
  ADD CONSTRAINT `tickets_ibfk_4` FOREIGN KEY (`tid`) REFERENCES `theatre` (`tid`) ON DELETE CASCADE ON UPDATE CASCADE,
  ADD CONSTRAINT `tickets_ibfk_5` FOREIGN KEY (`movie_id`) REFERENCES `movie` (`movie_id`) ON DELETE CASCADE ON UPDATE CASCADE;
COMMIT;

/*!40101 SET CHARACTER_SET_CLIENT=@OLD_CHARACTER_SET_CLIENT */;
/*!40101 SET CHARACTER_SET_RESULTS=@OLD_CHARACTER_SET_RESULTS */;
/*!40101 SET COLLATION_CONNECTION=@OLD_COLLATION_CONNECTION */;
